Scenario,Iteration,Avg_Waiting_Time,Max_Waiting_Time,Total_Completion_Time
Padat,1,0.12568149229680717,1.473524634380432,98.03026141440144
Padat,2,0.12269853469643399,1.9935960923450367,99.34219809329257
Padat,3,0.10306805839937012,1.6307297280254218,97.8740245032867
Padat,4,0.2545032850719545,2.031709563308329,98.18694157447831
Padat,5,0.11316142926125114,2.0918329698487597,98.27077043738633
Padat,6,0.16705714184140294,1.5251562542433774,98.14113864359537
Padat,7,0.18508150084974478,1.70264123871371,100.1449997824847
Padat,8,0.04425174974423518,0.978147463291343,99.004195904605
Padat,9,0.2924128258017614,2.231498353065504,100.89568426233974
Padat,10,0.2589465962480971,2.284030607431667,99.14343657610084
Padat,11,0.15628133723882684,1.86502901554762,96.91840120087674
Padat,12,0.09770581611657428,1.218371711433221,97.63657611579623
Padat,13,0.08348980470747377,1.227222245889525,96.74231481377876
Padat,14,0.09341093506785092,1.1786273152783657,97.86471307085752
Padat,15,0.1827713890248055,1.9064804306721683,96.73418724881994
Padat,16,0.1326667465927429,1.2243069245984088,99.1793510305645
Padat,17,0.4887972764679406,3.205529429608241,96.88850553677884
Padat,18,0.28905613247601014,2.642224378442947,97.95025587232762
Padat,19,0.16774960540596226,2.0688793829325967,96.96827878606068
Padat,20,0.1044837787293846,1.6297994601461063,99.83208683336296
Padat,21,0.13137127225646789,1.4687480686995258,98.32617928170373
Padat,22,0.27998085598527844,2.56241873702362,96.70028213860861
Padat,23,0.17909192420322845,1.2849269868769007,98.93457741454144
Padat,24,0.26815824931671056,2.335548927500998,99.29007965885894
Padat,25,0.1574468992201213,1.5536562923076431,99.55178925797178
Padat,26,0.1270421357897928,1.6353779971689448,99.25520812743274
Padat,27,0.3143512481968098,2.558474313317255,98.05799789339451
Padat,28,0.2754604736538393,1.834910403584498,99.79198609419497
Padat,29,0.36872747025416236,3.300203339848075,99.13315536621691
Padat,30,0.22565261004483422,1.7953565205445727,98.58050336047069
Padat,31,0.499007422311322,2.7563868500731914,98.55831879236311
Padat,32,0.2277184209062897,2.1860278808462965,96.39021354138842
Padat,33,0.19945767391707614,1.7427363795106743,98.76031541250174
Padat,34,0.25572411255135313,2.071342292320871,98.27150069515217
Padat,35,0.2905966702018555,2.3781662240267103,97.96858283228758
Padat,36,0.1546855795502184,1.7848770680716477,100.02826053787388
Padat,37,0.22081366753481307,1.4015668261723064,98.5295493172348
Padat,38,0.21173677462351095,1.3849340447941998,98.13971537404917
Padat,39,0.11317007535170096,1.4569808197475602,99.86246432989654
Padat,40,0.22982176028907345,1.9727828001691563,98.13055948147665
Padat,41,0.07815291956798029,1.028215800134742,97.90286673137295
Padat,42,0.12937624692941607,1.6704057441682707,97.65369579055464
Padat,43,0.19333312407696512,1.708920115780387,97.07473671500199
Padat,44,0.1275753088959677,1.5295847429579013,99.32797709747024
Padat,45,0.11986305538064912,1.0910839260427103,98.94351194320178
Padat,46,0.15402774970740346,1.431494449395526,98.85481331962949
Padat,47,0.1076431927716901,1.4121851688971105,99.45541543692681
Padat,48,0.32300238650351487,2.633575944632412,97.42248322641956
Padat,49,0.19451183426055757,2.29043977780837,98.09167963903685
Padat,50,0.2630556612886206,1.9646258210165186,97.78174061828162
Padat,51,0.10361965434178622,1.6245133173104307,98.69757557122637
Padat,52,0.26656353253762394,1.9067838322432245,98.93893868523358
Padat,53,0.4337593588946181,2.8599654952999707,99.58022178772174
Padat,54,0.2771167547502723,2.2827421807121695,99.00865721787468
Padat,55,0.11678890201434541,1.7378113548779126,99.10131737567802
Padat,56,0.10074721412498606,1.1671235534108462,97.91568203170434
Padat,57,0.12608672376783336,1.3712321420224214,100.90692438249911
Padat,58,0.15086636391505656,2.618595149386625,99.37264717715675
Padat,59,0.12089414554674968,1.57039498680993,100.27440414258405
Padat,60,0.16249988690433223,1.572515663377704,98.89605490467956
Padat,61,0.5078593435301789,2.2993615031645973,97.91035620969004
Padat,62,0.15908925733529458,1.7970145366113819,98.26293594298541
Padat,63,0.17512181694382584,2.0113866460018954,99.72843942837213
Padat,64,0.5335411445124028,2.97667842814203,99.23173977040287
Padat,65,0.47861762184772827,2.7432795345715846,98.94160200128889
Padat,66,0.11887508411828981,1.3099546359956484,97.61349701393995
Padat,67,0.19018075409736945,2.300560431300301,98.02272416374149
Padat,68,0.08074313828149035,1.2522723514751775,100.07159497302342
Padat,69,0.07772018824654725,0.9905756973856121,96.91661378700726
Padat,70,0.24405846177398013,1.331027543342021,98.82488633455506
Padat,71,0.11550753916488402,1.8114281111288228,99.5521906824131
Padat,72,0.21423755815810072,2.304615879803986,98.52578202634675
Padat,73,0.30833552095990857,2.496301737107224,98.61211789377923
Padat,74,0.2111320574648159,1.6379149774396495,100.24840340254302
Padat,75,0.2882817030363099,2.2064500847280115,100.10278539259036
Padat,76,0.22300555715198622,2.240302939222108,98.68601536906047
Padat,77,0.26022131065753973,2.5065151900741505,98.89941134523946
Padat,78,0.1976421933745542,1.5066209772716057,99.45167284202314
Padat,79,0.2723439438470613,1.8366445612480646,98.58139805494534
Padat,80,0.12021882677311324,1.6369840012663097,96.7489947180004
Padat,81,0.118925741401529,1.4980093442582145,98.52958889944755
Padat,82,0.20270731537108871,1.879213915292624,99.30385249991457
Padat,83,0.2779395837200277,2.2740348017173844,99.24099757252266
Padat,84,0.10098890712484124,1.1504232070420244,99.04322325024478
Padat,85,0.13135096805504046,1.2777878626619597,98.46269058516643
Padat,86,0.1684111478394062,1.9176894812851693,98.7955015120453
Padat,87,0.22051039706795147,2.3245610485654034,98.53277194588992
Padat,88,0.2191984248583278,2.327227256348408,98.75768101806268
Padat,89,0.09804801691113305,1.1835316706997219,98.89518476689003
Padat,90,0.14339189807895353,1.2853778993182985,97.41242781975453
Padat,91,0.06866792556925594,0.9573929195531505,98.70264004299881
Padat,92,0.49848981124592084,2.7787017127237377,99.33641183773729
Padat,93,0.05627828452711401,0.9275826566927527,97.07583718214704
Padat,94,0.37368024151047374,2.3727990120982625,98.13921899124462
Padat,95,0.09897416398953078,1.0707694847309739,100.8948851427957
Padat,96,0.15317393018854225,1.3804218357484572,99.33050437862181
Padat,97,0.11753066520902644,2.071358390995499,100.2778890118911
Padat,98,0.20712775108477657,2.182283453658883,99.05765960576606
Padat,99,0.18420083758211012,1.6242818551287357,97.86923316284195
Padat,100,0.1601337300076601,1.1589468665648823,97.63038899826162
Padat,101,0.17823652500797355,1.5689738528151231,96.5295216955807
Padat,102,0.12141277568385749,1.1543961763536927,98.80055153608556
Padat,103,0.07059204689447607,0.8363945241599566,99.57971231663895
Padat,104,0.17086371720885216,1.562693266135767,99.47728413129123
Padat,105,0.23432797455049842,2.066307020650221,100.54939898833679
Padat,106,0.16040317258261033,1.5039161671027763,97.34732365588648
Padat,107,0.2554656440644485,1.848480216676613,97.6617870057713
Padat,108,0.11224294227631301,1.1700996494912559,97.40235288777971
Padat,109,0.1333033546872099,1.6068155196827476,100.03886595074941
Padat,110,0.43458546231687284,2.8396761153701355,97.26486862645386
Padat,111,0.14414580537133728,1.3173886465903877,97.85197875796851
Padat,112,0.15814234206688949,1.220451774552913,100.18740402240962
Padat,113,0.1855074689923797,1.4059962330591986,98.24643946593879
Padat,114,0.1191815129042653,1.178484151093297,97.27349143504857
Padat,115,0.8093257664195054,2.9225373248327386,98.88484448305485
Padat,116,0.2780900995087319,2.0028116145923,97.94960062495865
Padat,117,0.18342479518978227,1.5761300754920278,99.23402531706328
Padat,118,0.3119295164747108,2.0929772765668275,98.37646280951726
Padat,119,0.5213328310818464,2.8505472133862746,98.63092332417676
Padat,120,0.11848931691610276,1.3336064932646394,96.71475289270384
Padat,121,0.142155386401731,1.4666730659608334,97.70721578978876
Padat,122,0.23108131251118333,2.0410790010478443,99.01506296116115
Padat,123,0.1945522940694777,1.932148706653166,97.69941678282412
Padat,124,0.08937333916577303,0.9828233341407895,99.24507145910893
Padat,125,0.23114550624452646,2.1527105520002117,97.34512830729206
Padat,126,0.2771680496050742,1.8883726398860468,98.95833525999038
Padat,127,0.13818772754316763,1.6377985301209037,96.4288458554499
Padat,128,0.0927248097297734,1.2349569233024766,99.50385643268095
Padat,129,0.3417790708727507,2.4202261670514673,98.67630884525862
Padat,130,0.24258371850351584,2.1252745360248255,99.16376966037679
Padat,131,0.1553556177117857,1.294264027429655,98.15784788106663
Padat,132,0.2443248860586312,2.0996228635679657,97.29505715500648
Padat,133,0.38295459613481037,2.4894984190365292,97.62667497997154
Padat,134,0.0843252092106384,1.2512359584865962,98.06990448316132
Padat,135,0.5533931564740292,2.431982593831197,100.03281751466506
Padat,136,0.26896202239529277,1.6276644359061976,99.2097072421039
Padat,137,0.14381114549083432,2.5066612154778873,97.59188057992255
Padat,138,0.15062614155285817,1.8111480943668106,98.6207383718399
Padat,139,0.34832217432866674,2.565788833783479,97.93994105510693
Padat,140,0.20900692965571147,2.307935537254849,97.24362837576045
Padat,141,0.2779098716946263,2.0831917101578057,98.91437386696988
Padat,142,0.2672523494836357,2.453346158964223,100.15054717486476
Padat,143,0.12598968222580909,1.352383194071649,98.7031065740995
Padat,144,0.148906780386704,2.003019735252572,97.83350100167969
Padat,145,0.16237049559287722,1.4873521903758729,99.22571370075308
Padat,146,0.22833384531666595,2.774894325817087,98.95938470308155
Padat,147,0.18039695480421386,2.372338689347007,98.05079317754502
Padat,148,0.2607593824575405,1.4538450006720822,98.25164426528215
Padat,149,0.10273096577376131,1.286007533837111,99.7437420215108
Padat,150,0.12728240956113898,1.7896641121299304,97.20235219144767
Padat,151,0.2918060078670981,2.2124593837796063,98.95367442343984
Padat,152,0.972056096040195,3.728401913408046,96.95146273047315
Padat,153,0.11617235836371917,1.4676431404130597,97.75076460344754
Padat,154,0.18024952098024957,2.2804204603552876,98.32252016167783
Padat,155,0.08384919857850663,0.8805597777122287,96.46676114578926
Padat,156,0.153147757039736,1.6624696317933747,96.81258551338497
Padat,157,0.2730065550824534,1.7432126242606856,98.43468849490364
Padat,158,0.2761825494405032,1.4077101496125408,99.81951877477276
Padat,159,0.3738756112574236,2.493788353517491,99.67168361512319
Padat,160,0.8380378343348026,3.4303410741674654,98.10731810818747
Padat,161,0.25028066732660986,1.687251344643073,97.19233781048712
Padat,162,0.22593580972735836,1.86673714663592,98.92695860497636
Padat,163,0.27840143372715104,1.9496470111224689,97.58600701398228
Padat,164,0.2101449593843419,2.2690987417461628,98.48470080542705
Padat,165,0.2026125627948187,2.4185102103625447,99.92289477415599
Padat,166,0.18969992661443022,1.836762287490913,98.85041644027348
Padat,167,0.018328064708314783,0.3589228764108938,99.17781931690185
Padat,168,0.17297438929616513,1.4626839891965204,98.00862499467685
Padat,169,0.1824867884476223,1.8659551023033245,99.46207550869667
Padat,170,0.07845671209703867,1.2483587529260625,98.20453103474681
Padat,171,0.1791298849817659,1.5890380930385888,97.14168095671566
Padat,172,0.10206438871797952,1.1787557917047877,99.49149999330841
Padat,173,0.3912541808250151,2.2529827049963416,97.05129343142094
Padat,174,0.15809854527899764,1.6996068742459656,100.02181643653937
Padat,175,0.09232149313681748,1.2326025115837709,98.2470982343259
Padat,176,0.29212609219449354,2.160168122557888,98.10533878837738
Padat,177,0.183993816635655,1.6684945566672909,98.60884482976267
Padat,178,0.09146850891028398,1.2321436895965263,99.50999326441747
Padat,179,0.12799417628219353,1.8246722823525374,98.42325226958148
Padat,180,0.17071164645087517,1.8426863926056285,99.03209104164252
Padat,181,0.0807783214770255,1.3106809107628656,97.1076167202324
Padat,182,0.20057164030177677,2.0605958815096166,97.94048417890855
Padat,183,0.16464650355567872,1.644317117562636,96.93259386590907
Padat,184,0.27399727815291774,2.504361264644885,98.03364875034643
Padat,185,0.2084943072110627,2.0200163813521925,97.23987639648915
Padat,186,0.15511480931304766,1.3799767125545621,100.34160886883689
Padat,187,0.20577037801118778,2.030624927657307,98.93040649095626
Padat,188,0.10473335076973198,2.1152202357999883,98.23570925640847
Padat,189,0.09164216146003383,1.5445344291430985,98.85790438738263
Padat,190,0.08542416013444006,0.847557091675327,98.4156210390489
Padat,191,0.22882638712907366,2.0074742629696374,98.71987230452085
Padat,192,0.19525996995253206,1.550291967494907,97.41934891521926
Padat,193,0.15270593565727983,1.2584503776246976,99.9571899801783
Padat,194,0.07023245646990328,1.0410687219707881,98.95745880869138
Padat,195,0.17868671219525703,1.718708687178239,98.58264820380661
Padat,196,0.24606561876353866,2.0213593947561854,99.09646664213058
Padat,197,0.1383614179867084,1.012227532706575,98.6903587765745
Padat,198,0.17433116408215782,2.069817666620139,97.81618678892889
Padat,199,0.15330967351272995,1.5748192097864262,98.8715226760757
Padat,200,0.1544673778055019,1.6558183677338825,98.65359354143001
Padat,201,0.2006267292431418,2.1078551883175223,97.3442959698111
Padat,202,0.18590229690575155,2.163590222095756,98.16748918128506
Padat,203,0.12552776472208516,1.5507359580557,99.47529559934556
Padat,204,0.272695475130753,2.1578916197383187,97.77569639611431
Padat,205,0.10757415941511055,1.9225324771575885,99.77020579289541
Padat,206,0.22666923291870714,1.9787467722131638,99.38301943035621
Padat,207,0.21212107058086205,1.8078983489877842,97.18161539543698
Padat,208,0.4342040896669686,2.7817651621879946,97.2013171315561
Padat,209,0.07121575057135505,1.570632568450769,97.44963193068344
Padat,210,0.086180252131089,1.268730644703954,100.19090955506374
Padat,211,0.05075058467549041,0.8927315262405173,97.73433294971807
Padat,212,0.5045796491362721,2.394111006089787,99.27476662361843
Padat,213,0.3271231340456983,2.1029494473628816,98.17155358900952
Padat,214,0.10861226962802654,1.3615824879037817,98.93218028636919
Padat,215,0.2065632010270786,1.9254688058650515,98.80434477080378
Padat,216,0.1598148399104285,2.1463238025768234,99.78927888222807
Padat,217,0.2735230578698062,2.277974951925817,96.86799752113318
Padat,218,0.05705660097080858,0.9542815077644136,98.03726047517654
Padat,219,0.17953089732169042,2.4628408736687675,97.58353220863232
Padat,220,0.31219271495882406,2.1025176469226494,99.44568926828204
Padat,221,0.1206072128762028,1.7512073638125116,98.58394702902184
Padat,222,0.18306120475905666,1.8054913013378417,99.97797584489345
Padat,223,0.163246276230181,1.4485540059756374,97.14338560862453
Padat,224,0.06768127134586295,1.480383227623328,99.76372193552518
Padat,225,0.46936769023146174,3.4267030088578423,99.74914861102071
Padat,226,0.1381282183488785,1.3533151955107883,98.01928488748193
Padat,227,0.26437349220491857,2.087165919282157,100.34333478869448
Padat,228,0.07995559723745573,0.862868099797371,97.35115318537699
Padat,229,0.15230573904636757,2.3662230006740685,98.18044115785113
Padat,230,0.1671918324323623,1.7711123125278512,98.0376855222285
Padat,231,0.1305590597601806,1.190583810901245,98.15150981913305
Padat,232,0.2833801757950769,1.8990351837089108,99.98722999329934
Padat,233,0.13597884003988833,1.6447087837224181,100.07548822389806
Padat,234,0.14899960257557782,1.668619567263093,98.08277834559165
Padat,235,0.18441609856399405,1.5371413242021106,99.24650198183735
Padat,236,0.20062792344425,1.5311105768037443,97.7615256813117
Padat,237,0.07916144969559177,1.7796336921383222,100.20878199266494
Padat,238,0.17370810292207342,1.944235343863518,98.65274008351523
Padat,239,0.09572652782033608,1.1885912035219626,97.55473770393685
Padat,240,0.1797231388307992,1.2807872657729682,97.45892684029529
Padat,241,0.08998273288060778,1.2483551885228934,99.35287496957764
Padat,242,0.21397390040635172,2.0433427268546396,99.26958740904232
Padat,243,0.21896335956919638,1.6552236845437065,98.71810917811445
Padat,244,0.29014874457552975,2.1405506476124323,98.5767899309118
Padat,245,0.16298242114631695,1.5204135653309265,98.52149269769488
Padat,246,0.15860876802986074,1.5650917357469112,97.43737513793978
Padat,247,0.09116517992491431,1.355808403079962,99.70554814569083
Padat,248,0.11624345473036594,1.4762374827634162,96.82597471871132
Padat,249,0.14223552209678525,1.556567960993526,98.39394985657476
Padat,250,0.23102196409866113,2.331343843695265,99.96953743268799
Padat,251,0.202917956744531,1.5145934379362913,98.40741357291273
Padat,252,0.2322512203119566,2.440529376134563,98.4287920491684
Padat,253,0.10142154842252413,1.3037282711353555,100.18982015600031
Padat,254,0.16944129702466393,1.6587208449405608,97.71129031073701
Padat,255,0.1759914689799217,2.552114169940239,98.84459887281548
Padat,256,0.11531932822195938,2.1330451044866834,97.82309395880145
Padat,257,0.1382519411980731,1.4907606952774657,98.4666290001554
Padat,258,0.14775728253924747,1.3552907879347913,98.58194444888753
Padat,259,0.2257894616482846,2.8067937782884407,98.84449608502827
Padat,260,0.2054207706246086,1.766004384111767,99.19356059627688
Padat,261,0.09050985763006851,1.601147056202592,99.98360418383061
Padat,262,0.3801773440115924,2.4445682407243012,98.94934836806226
Padat,263,0.1674414613018731,1.350994405306885,98.5406267499363
Padat,264,0.09474836626938551,1.1732267447233404,98.87167735568339
Padat,265,0.34545272567698576,1.9539939869972542,99.11638550911802
Padat,266,0.3949796523912127,2.435518034999504,99.93667281138706
Padat,267,0.5407491250984038,2.7777798609440794,98.24098509194208
Padat,268,0.16468464497567373,1.6526894150705758,97.17252068211658
Padat,269,0.26353297982645907,2.0621730578583204,99.66453084298134
Padat,270,0.20651844165756622,1.737352344872491,98.50645856476247
Padat,271,0.15372551288202427,1.8613384022218078,99.37330948900556
Padat,272,0.31035685630705195,2.035433531710872,97.26784866453382
Padat,273,0.3950881602636951,2.7235247978023693,96.7972989272762
Padat,274,0.1487323328732028,2.249822815961984,100.05929223050607
Padat,275,0.2920566722370696,1.7348516564373782,99.32226841169016
Padat,276,0.15257487134855158,1.5806904497120904,98.71633576957394
Padat,277,0.1285542458760205,1.3053273528195213,96.94459569136944
Padat,278,0.20403078976101466,2.2903940618865875,97.25195612974146
Padat,279,0.12875070054626453,1.314107685098044,99.00836624168025
Padat,280,0.17245517348592038,1.7033178525437265,98.50960631821101
Padat,281,0.12530495182145543,1.6551255175334347,98.679334729247
Padat,282,0.3948180270190317,2.1499030959309984,99.05803695241732
Padat,283,0.19449918060403118,1.7432777022378119,99.69908986926882
Padat,284,0.22349366095563492,1.5258031709383815,97.01434870824166
Padat,285,0.09672459203368802,1.4984992014255454,99.53816291638638
Padat,286,0.13321813935401883,2.099867102680868,97.22282609140676
Padat,287,0.0858987470378437,1.7111401587300676,99.08412989576647
Padat,288,0.08852055462444275,1.0657719689258691,98.08295635695978
Padat,289,0.1904403157823408,1.5078102635119564,97.68266952694853
Padat,290,0.15958020366035117,1.3809555113915764,99.85288352955315
Padat,291,0.22525595143660224,1.9258809936595505,99.1689093265421
Padat,292,0.15343345552431265,1.6742317696996238,100.13287357628649
Padat,293,0.1763428456574574,1.6249695727876414,99.97396746639066
Padat,294,0.21437646785828476,1.3608108040297218,99.25648044164973
Padat,295,0.1043675141134612,1.4167799298939485,99.28151354145307
Padat,296,0.15243555240009007,1.6196077913772804,99.45334399146567
Padat,297,0.16138887449246056,1.482080088765514,99.22449487001883
Padat,298,0.19039942512887906,1.8625765929205897,99.44128913562443
Padat,299,0.18764878418438258,2.1287229723566305,99.71974739345188
Padat,300,0.20330438662165387,1.8368240622255847,97.93160380361911
Padat,301,0.1612633056543454,2.049060107652913,97.80694738840263
Padat,302,0.14235904197530416,1.3990593839168,98.81957342079079
Padat,303,0.4754650458235405,2.9980174490381515,98.05215531243101
Padat,304,0.07941454757108546,1.1955238553867105,98.15746292528036
Padat,305,0.2187010647410749,1.8921185742417705,97.72510277679608
Padat,306,0.16038532174157052,1.3906402568268987,99.07144010379032
Padat,307,0.12405743281462156,1.388018722455282,98.18301237137325
Padat,308,0.13634253027456658,1.8384063943931785,99.83316627115751
Padat,309,0.4007730806298773,2.2248382623581335,99.75423063315475
Padat,310,0.11210722448360425,1.7952824112246972,97.4671726964578
Padat,311,0.3608050669666555,3.184779613028155,99.93682090265202
Padat,312,0.29800062826180757,2.0948395793760284,98.31443754316943
Padat,313,0.04044810868819937,0.9254128837761968,99.73293476887825
Padat,314,0.23649090140587462,2.306636275972476,99.59895291090963
Padat,315,0.13983650599108755,1.2688261744794644,99.20079485246723
Padat,316,0.09365284965872225,1.072726552631888,100.06772839906874
Padat,317,0.07504655819716666,0.9960782176926202,97.34222794561151
Padat,318,0.1665766068178527,1.7209375703877114,97.30078793283889
Padat,319,0.6595687870652275,2.4010873843651517,98.35134025348263
Padat,320,0.16609666120379218,1.4735913739974755,98.50340509763566
Padat,321,0.3083898173423577,2.167438262726108,99.35872783069493
Padat,322,0.12604285903161527,1.588758790708745,100.14001788129643
Padat,323,0.11658591859017531,1.261980518038552,97.04152244473586
Padat,324,0.11950062469564413,1.799409279824907,99.87769245164685
Padat,325,0.135898527713399,1.8613634076728474,97.38179864322927
Padat,326,0.22756971422595318,1.8979153571124598,98.17016709162337
Padat,327,0.1959208002987216,1.9392242776336275,100.0391266840685
Padat,328,0.13245536945250896,1.545010568618963,99.78727030389093
Padat,329,0.3305634194392947,1.7677385302593898,98.37919383665935
Padat,330,0.2721548168003757,2.3863520807967937,97.85767343185141
Padat,331,0.18446925846028878,1.608797190739704,97.42859075825004
Padat,332,0.32590187401160053,2.11778555751631,99.43390827392639
Padat,333,0.1026896401849942,1.9849877526554849,98.60952291788581
Padat,334,0.26339643664666396,2.3058479858515284,98.2098299935736
Padat,335,0.19920616379897868,2.111079378896182,97.17583068786061
Padat,336,0.16514035414952125,1.8464681718121554,98.46195171487278
Padat,337,0.0849506661085262,1.1753718108203728,99.4064426928078
Padat,338,0.17909933981421827,1.8518160587447667,96.85369013246691
Padat,339,0.12747372571399235,2.1125241342960237,98.95546355655615
Padat,340,0.05485269642212076,1.453921493415585,97.12844539097587
Padat,341,0.15515556240132233,1.5394670838838849,99.83898197805749
Padat,342,0.12803690672757354,1.8649129183234336,99.01592280756452
Padat,343,0.08531431081525279,1.365492673315643,97.87738802962471
Padat,344,0.12919180981004003,1.803306481218172,98.64344932746314
Padat,345,0.27059804543209154,2.15624127696978,97.92158146247638
Padat,346,0.16954028520728984,1.3383931660105226,97.60856081475049
Padat,347,0.1246572569397419,1.5221661466277077,98.90241423002513
Padat,348,0.1650132848946746,1.6892528782467267,99.33766537640633
Padat,349,0.2291309552519678,2.0807085375595094,99.22777844566188
Padat,350,0.14281614998179454,1.2380581613499437,98.95539564940884
Padat,351,0.23442847830770303,1.784401470123111,99.45513910821896
Padat,352,0.28862223601337866,2.3204084083353678,98.68614131511734
Padat,353,0.28946341793562336,2.214651694813643,100.12476484680978
Padat,354,0.07006342283585028,1.196181410811576,98.64762143154364
Padat,355,0.3297610308994973,2.592299948854947,99.57264223483618
Padat,356,0.10238434945586568,1.4799177899160405,97.16489040237404
Padat,357,0.10636768172691044,1.416007934761847,98.96593817015199
Padat,358,0.13426372357393826,1.233284167023676,100.18634402181186
Padat,359,0.19789659565717693,2.4738422012645422,97.87064094817951
Padat,360,0.31868751682456903,2.648037734903891,99.95928429455432
Padat,361,0.04040978101911654,1.16286382660644,96.48421964078507
Padat,362,0.0547782001071774,0.9855848991054756,99.45397355173102
Padat,363,0.09139082954961131,1.246425606663145,98.79979020441758
Padat,364,0.19111156685970357,1.4541908875123042,98.26337796362424
Padat,365,0.213396546143572,1.400177545809882,97.9057214808415
Padat,366,0.19720311359738774,2.2830383021788876,100.39990202332238
Padat,367,0.1836434053572183,1.8173752333702637,97.6286016655631
Padat,368,0.28439540012544123,1.8082394241709778,99.79907304707916
Padat,369,0.13713021060438293,1.5218555939547365,99.61337554596845
Padat,370,0.11646416223438547,1.5551794447915306,100.13989673784536
Padat,371,0.091589005134125,1.185567713080161,100.09546177621618
Padat,372,0.16750266088930563,1.5264689085310508,98.19715026494458
Padat,373,0.1067174156837765,1.6218161741424488,97.92657542133382
Padat,374,0.1285378451891328,2.074083488298239,98.25195094659048
Padat,375,0.5643324285210326,3.2776432466392045,98.7591093460016
Padat,376,0.18722054049696157,1.8129125990152097,98.6479623280631
Padat,377,0.2266561184613535,1.8617214893100744,98.24412267190765
Padat,378,0.4392026239032658,2.67564984122442,97.75893565807921
Padat,379,0.22683751300970312,1.9064292826333045,98.0300446027694
Padat,380,0.16724013779720223,1.793435959351335,99.68997376324972
Padat,381,0.22157271396899408,2.266323700879699,99.47288316253413
Padat,382,0.05736902209556756,0.8385240271588117,99.4510760590554
Padat,383,0.06386026449830329,1.4778582341134125,98.22682953879077
Padat,384,0.08076789261573532,1.294092547605409,99.37186658419944
Padat,385,0.2875799703859664,2.2636287433111626,98.25520239488273
Padat,386,0.21106753687316004,2.3216085565529205,99.9998564592869
Padat,387,0.3995954448053628,2.2665102168290368,98.06394659194899
Padat,388,0.08571583188609253,1.3513111975537981,99.58401582224641
Padat,389,0.1930738609785402,1.8305560415738569,98.51556294815437
Padat,390,0.39389175238068297,2.442180205100996,98.96235438540998
Padat,391,0.22703586317762534,1.7329269373785792,100.30982495913497
Padat,392,0.2521189315112108,1.9082365351601176,99.25448943821405
Padat,393,0.06250039486358938,1.0710939087125801,98.27475301280285
Padat,394,0.17507792062067845,1.7769206701392974,100.3170654918029
Padat,395,0.06017626801213387,1.1153534873119426,98.84339456248742
Padat,396,0.1261970875582868,2.5010784883150805,99.80263064500896
Padat,397,0.0717884520149675,1.1262371366958348,99.63831425873853
Padat,398,0.17317558439117317,1.8112437136992838,99.03367706301279
Padat,399,0.09152922104739787,1.1727953839711347,99.99942895968553
Padat,400,0.1168385359458628,2.331281539294231,98.40348359391295
Padat,401,0.18024379723426825,1.8707601474425672,99.47666865685164
Padat,402,0.14996200286751407,1.7808012078734805,99.1692407482617
Padat,403,0.6762309249598706,3.6284905240167085,97.00004733677746
Padat,404,0.21806174583534227,2.216859935553657,99.28386406576487
Padat,405,0.28840117629402096,2.3520713820364776,96.93500913149593
Padat,406,0.07319703880743793,1.2385382409686514,99.89836985780947
Padat,407,0.25063587261770026,1.921685940656804,98.0293758769896
Padat,408,0.5035855563857083,3.134297619579062,98.56488354789093
Padat,409,0.184656585343791,1.7332113191212883,100.11987530239408
Padat,410,0.08890254971440989,1.0487958133002273,96.80596039806
Padat,411,0.14957945861715652,1.436497332465045,98.8769273527057
Padat,412,0.09776699133989183,1.2893746169616414,98.36068476903299
Padat,413,0.15005639715152808,1.871692555948787,98.6164156848347
Padat,414,0.22480474521910287,2.134332795131048,97.78358720319295
Padat,415,0.05512922468841586,1.34643218216884,96.69189255343392
Padat,416,0.1545281053782998,1.8076144408046915,97.57295357711465
Padat,417,0.08286580093204962,1.188332743568104,98.2692592525616
Padat,418,0.06828915416193948,1.0989561839660915,98.78192881792039
Padat,419,0.13030291616781042,1.5062834801719447,99.77831167110199
Padat,420,0.24830136954693877,2.025450805139897,97.15709499908064
Padat,421,0.14846652482888864,1.630126454960184,99.9594842132353
Padat,422,0.18014369034248037,1.386277060874317,98.11019701180878
Padat,423,0.14805705942341052,1.1056969523028002,99.77958432334857
Padat,424,0.13967439146989472,1.6190989804742308,98.29768103377776
Padat,425,0.22861329488414536,1.958225752392572,98.40271650205395
Padat,426,0.20205646749391698,1.9943616602032996,98.93643683216634
Padat,427,0.10869864720542544,1.329713860568539,99.85606331089794
Padat,428,0.32166826744502985,1.8903992125590747,98.9895641814325
Padat,429,0.1799603725453643,1.945232557287838,98.779389803832
Padat,430,0.23716477315197623,1.8718805735449848,98.47066030863219
Padat,431,0.061942978469904465,1.5533468010874074,98.49916398695817
Padat,432,0.09320679725800143,1.4703708804528262,98.91846114847087
Padat,433,0.07080651357745152,1.462545861008735,99.53523211311571
Padat,434,0.17068824483390813,1.7870448428472159,99.05059173653243
Padat,435,0.15938886022597715,1.787036785902231,99.01680103494796
Padat,436,0.15702427035216865,1.3700931991222554,98.82900028971808
Padat,437,0.032009251123961094,0.6070945905103429,97.69975198707402
Padat,438,0.13713735606707833,1.7675966639448717,97.35124503411603
Padat,439,0.06303424477805615,1.0353989931930805,99.52894503763086
Padat,440,0.24646258336618324,1.98583528022559,98.23043714369976
Padat,441,0.16323198391377142,2.241838916075487,98.90235967675213
Padat,442,0.24674326296392782,2.3579161451283426,100.01444480922181
Padat,443,0.18839383907746443,1.798246541518651,97.55169286695678
Padat,444,0.2325766071423275,1.5692631618418602,99.5134898135091
Padat,445,0.04384495841828566,1.1813471352125902,100.12259062099595
Padat,446,0.2637691224954667,2.2672114506872774,97.62166518006917
Padat,447,0.0617458650691062,1.5414794257110742,99.98853018319917
Padat,448,0.30069836138794426,2.1954450746335965,98.61814719419516
Padat,449,0.23661795347509348,1.6730023053623988,98.80148201036326
Padat,450,0.18967715634561372,1.9991448442061426,100.16662973252154
Padat,451,0.3627768616963022,1.8634688608904924,97.32153539202434
Padat,452,0.19884359841668267,1.7111040731930345,97.29154209334175
Padat,453,0.2500814018153479,1.4473934308295426,97.13581550961963
Padat,454,0.11524337631285472,1.4521517911996042,100.30032987224875
Padat,455,0.27217377274558047,2.66367764013102,99.28904029329851
Padat,456,0.6338369014001968,2.8036315081709553,99.25541375553583
Padat,457,0.3037841052193092,1.8404807254495559,98.52833589322914
Padat,458,0.28815059807367294,1.7843690902229845,98.35015411520924
Padat,459,0.13173763268548874,1.9664604548824371,98.92632488348387
Padat,460,0.0815641064305093,1.3655069629670251,96.40552668313256
Padat,461,0.148015805571112,1.6452138572062083,98.1794343225733
Padat,462,0.26733840720306407,2.6426901781710157,98.6377009641781
Padat,463,0.16473691615025113,1.7686874209201733,98.70593599795086
Padat,464,0.2838942724096367,1.9256157945137318,99.27598465955265
Padat,465,0.13508772955214116,1.4381765344297293,99.62489533941427
Padat,466,0.037107111752956626,0.830258927464314,98.94256881014698
Padat,467,0.22495086714623808,1.9341363484196599,99.36610449433029
Padat,468,0.12434804783089817,1.1618138916942975,98.35199515653974
Padat,469,0.057445672937604234,0.7709501653945878,97.95607596620549
Padat,470,0.2652451775625745,2.4988540337353413,99.15184846138716
Padat,471,0.06991605940883776,1.3250270825962644,99.0779180466576
Padat,472,0.2337198009689248,1.8880320638204466,99.35292184019966
Padat,473,0.1846240691298773,2.1514377657269,97.8152504689989
Padat,474,0.05782426541766763,1.1761717076134275,98.0703721276842
Padat,475,0.1126841427848615,1.4283636299039912,98.89685309824587
Padat,476,0.4665156062123611,2.1322948797125747,98.44782233378224
Padat,477,0.1946967139161976,1.706593178142402,99.02944693198522
Padat,478,0.1729498742337276,1.4244115028312905,98.59196903946972
Padat,479,0.4143898034284594,2.482608629123,97.30602275932658
Padat,480,0.2843515980578958,2.493106904370265,97.17466082125823
Padat,481,0.03831724475483837,1.0232686601982266,96.85152790770428
Padat,482,0.13321184362449245,1.813727655323735,99.77946462792221
Padat,483,0.2690994382315868,2.1486384183444613,98.07683294746003
Padat,484,0.22417108265986957,1.9538573707063307,99.39028291034238
Padat,485,0.17718737221525815,1.7763868861899006,97.65356317408958
Padat,486,0.5168615175294446,2.787120686878751,99.37042821588012
Padat,487,0.415793048291071,2.189590872475904,98.67464184328095
Padat,488,0.17307149712948902,1.721682705374885,99.58841407781891
Padat,489,0.6512954850194795,3.169500960361397,97.60466399825518
Padat,490,0.38248534433291503,2.3719533804071276,98.24070245409597
Padat,491,0.1353349086860153,1.809833025550013,98.39877730087265
Padat,492,0.05915276350349783,0.9682109648244968,98.13356188732826
Padat,493,0.08880641929587767,1.3443312538664713,97.83951410051394
Padat,494,0.11271846666904575,1.430257898676139,98.89301878810247
Padat,495,0.10627563770086805,1.3860797576567094,100.27488725581286
Padat,496,0.19463390204665018,2.1007443351815205,99.7335115531829
Padat,497,0.09170833514415017,1.07365104100408,97.47442190989712
Padat,498,0.22396609960896377,1.6604501111111425,96.90817887875313
Padat,499,0.18473129943129818,2.0755649205551236,98.31192381630426
Padat,500,0.4950966356099367,2.6973490067816357,97.40748356617328
Padat,501,0.11052199720806018,1.2133858239761395,99.08969728844441
Padat,502,0.2615842609616749,1.646164090936395,97.9204284903709
Padat,503,0.32420611551787826,2.0582888020773353,97.39558426344402
Padat,504,0.236873970393094,1.5497942161633809,97.99950700391145
Padat,505,0.13151517122564477,2.218443774407085,98.40094757813019
Padat,506,0.1196068153148607,1.3485452765544217,99.58230031235098
Padat,507,0.10335013238415369,1.9400795794536734,100.12624698477896
Padat,508,0.22766639400887584,2.332776640523999,100.02263189267697
Padat,509,0.12319979646675447,2.0812138428665463,97.53367012419656
Padat,510,0.13660991558149618,1.516477529805023,99.35365929309204
Padat,511,0.13367548433321147,1.342898262892831,98.048159679725
Padat,512,0.17779018916983044,1.4043859617838095,96.70114239595331
Padat,513,0.16939447647859263,2.30720931171647,99.47697041783869
Padat,514,0.19692233116514657,1.5070385998851492,99.52222387973127
Padat,515,0.36065845309999195,2.4866410512925405,98.52664846893363
Padat,516,0.13471136136199294,1.4475396156430733,98.37472425723561
Padat,517,0.1972866955695112,1.842438029915236,97.51655767041768
Padat,518,0.0971485044952873,1.2594994217099007,97.73432294702688
Padat,519,0.07317114300628173,0.8719753265758925,99.3470741466845
Padat,520,0.1921407207980391,1.719301064935216,99.86398737631256
Padat,521,0.19028440950768585,1.8755524130986174,99.4515100544669
Padat,522,0.11709294496128204,2.031178932197154,98.78686375323932
Padat,523,0.103054321289668,1.0411657692954677,100.2875338040669
Padat,524,0.13215647037516845,1.642090610379583,97.91154117925703
Padat,525,0.10667768038421213,1.5282037907583614,99.03366303837909
Padat,526,0.12251648645343009,1.7763718230864072,98.32621968971735
Padat,527,0.2993597303560897,2.4616920177624024,99.07543540889475
Padat,528,0.13404940182269903,1.3243087151783186,98.24219623437446
Padat,529,0.13269714574033642,1.8405142939148469,98.06307713762607
Padat,530,0.13548147152796225,1.8367612500744208,98.70748858769004
Padat,531,0.1723438934964066,1.478391947402848,100.11388093533198
Padat,532,0.10932294982331876,1.091849460181443,99.35906781552306
Padat,533,0.2085430444944823,2.2399815545397743,99.03911167107906
Padat,534,0.1675365169152787,2.0523892526322456,98.35748699278089
Padat,535,0.06695524076064312,1.1468058631423474,99.80668597327173
Padat,536,0.08755479410356867,1.1808603167772418,97.73537856760048
Padat,537,0.15403859410002174,1.6101746970783921,97.39146688996698
Padat,538,0.1817462111705564,1.5582692420433943,98.91896281965752
Padat,539,0.22329133362359005,1.613136240761797,97.01354208965375
Padat,540,0.0985971855894219,1.1761266892176252,100.04397828007987
Padat,541,0.5470195000565236,2.4143118556990792,99.76133024211609
Padat,542,0.1176738025735824,1.8537332466328778,98.62524341174301
Padat,543,0.21948536484578476,1.827130490844926,97.30121696193125
Padat,544,0.1435363344574024,1.732326863264614,97.98384410255116
Padat,545,0.11508120951928953,1.5682702608301717,98.2527801971786
Padat,546,0.14628604503016462,1.4809201660388709,98.9000678052546
Padat,547,0.1519537172674851,1.4920903949850235,96.4186305169457
Padat,548,0.33587416159129596,2.5199601797854854,99.05442602898106
Padat,549,0.3750810415531987,2.297089236837394,97.78385926663941
Padat,550,0.11653648235518936,1.9144984277406252,99.62060796096019
Padat,551,0.19385411281181508,1.731897989639755,98.64258473360013
Padat,552,0.11713931182524806,1.9121471313547005,99.82049780493797
Padat,553,0.27922483594855974,2.0987804748028545,100.16460454085242
Padat,554,0.1852088782306009,1.3840180767983483,97.70111875248989
Padat,555,0.09812884131216042,1.4999593929209993,99.20337771370043
Padat,556,0.15359338409595596,1.3896903490602917,98.43499437822337
Padat,557,0.374004680154436,2.470644196891797,99.26336905703218
Padat,558,0.2792973383103809,2.343784681042699,100.14263085642918
Padat,559,0.1547515489487526,1.4194586472011679,98.46012300446822
Padat,560,0.5037886898275911,2.487989460842236,99.48746864581824
Padat,561,0.15898235775943753,2.2523662338645494,98.55435249280409
Padat,562,0.273874792347458,1.9336132024290364,99.57026036797295
Padat,563,0.07785069344081165,0.8230990557582984,98.92691447990812
Padat,564,0.14553637446056072,1.1095694539845766,98.36128517796007
Padat,565,0.07521024772929152,1.1959873977049824,99.23963738858028
Padat,566,0.2819695380782597,2.6754524330419542,97.17557026261007
Padat,567,0.20668142414479007,2.5998375601462094,98.80003647079543
Padat,568,0.22021670575823377,1.8747069504915288,96.58225075915753
Padat,569,0.21198490983443166,1.5989396863887038,99.51290993855817
Padat,570,0.12042758090911984,1.8152263072364399,98.59340398258747
Padat,571,0.13528296455161176,1.2315527765816192,97.7308545172005
Padat,572,0.16688337229417766,1.8422045544351668,98.19595900931753
Padat,573,0.1290133120458315,2.075602051334265,99.70317283826375
Padat,574,0.2424585321091881,1.9870671572396255,100.12769316456561
Padat,575,0.23366936772043706,1.9031852216620386,97.85170997975177
Padat,576,0.13032207792120348,1.419313863662083,96.94000965428272
Padat,577,0.13644999949778788,2.116181167879752,97.84417245128233
Padat,578,0.16105606898038224,2.049958578202851,97.41530188535442
Padat,579,0.1614611028889647,1.3281292028409553,99.61696051026757
Padat,580,0.1571020406418811,1.6435784038699808,96.87333203689825
Padat,581,0.13595224093354014,1.4637409866258935,98.58382871299492
Padat,582,0.2579658545341886,2.525390149335607,97.33076485119798
Padat,583,0.08571048937517509,1.5856788869892569,99.46415010721032
Padat,584,0.4815030730247497,3.4410348632998655,99.66925681809629
Padat,585,0.05244212557921479,1.0682409004207543,99.2246968152005
Padat,586,0.06154273621399411,1.2498501765235481,99.1357963539696
Padat,587,0.14140262021012268,1.6602257750902254,98.73170766756851
Padat,588,0.3248467937522045,2.081133162400114,99.45567995607418
Padat,589,0.1177173083938132,1.6479373808656774,97.91858484707421
Padat,590,0.2262559293705808,2.5250552140437073,97.64806353390445
Padat,591,0.20250631278324233,1.841320161202539,97.76538105432766
Padat,592,0.09965612815779142,1.0945579122108526,98.03170823302732
Padat,593,0.2565947408781516,1.4981399098833208,99.76073634453547
Padat,594,0.2415114604219915,2.011203073160779,100.11309075216
Padat,595,0.13403839002303122,1.4443771423161635,97.5306776201609
Padat,596,0.11530856818523631,1.3298296133871474,97.70651143762525
Padat,597,0.3701626005113111,2.488467721513807,99.97236019389746
Padat,598,0.2169137651102822,1.9928767576956723,97.34067350915039
Padat,599,0.2726840910757735,1.8984541729265096,98.80680148116407
Padat,600,0.20493246053635067,1.841920879563279,98.6525648529844
Padat,601,0.23676161073413313,1.9724321640772615,99.32314199678042
Padat,602,0.12201903313663695,1.000594556968533,100.25170812385369
Padat,603,0.34947991197742495,3.141824494537474,100.34213925643054
Padat,604,0.11486768639632841,1.4394728215375068,99.29158851674549
Padat,605,0.16089922687359293,1.5667186968408586,99.02644137326268
Padat,606,0.1433230475696842,1.6019651319899388,98.28663343709398
Padat,607,0.09300738628770384,0.961551960801657,98.10716011119021
Padat,608,0.2107123802620602,2.67109755334036,99.80959486012998
Padat,609,0.13879680628798682,1.1994002725108004,98.08947774539773
Padat,610,0.07746577350233921,1.5773498110655169,98.15519761650896
Padat,611,0.23622976723155595,1.8478022333980135,99.67519592841245
Padat,612,0.09317625755737984,1.2382234359956215,99.63722505207869
Padat,613,0.13389263787849592,1.401677020565998,98.32257390545955
Padat,614,0.058370832967416054,1.561505867060223,98.44358013916894
Padat,615,0.13169515993310504,1.2695257938686773,98.3874860201944
Padat,616,0.0973121562964804,1.4611404322542185,99.3049629143064
Padat,617,0.13448962808221268,1.1813048003372124,99.44439927869115
Padat,618,0.1533921992342226,1.6437103850353623,99.48822516216472
Padat,619,0.14276677308479113,1.4050353331782048,99.7028808848167
Padat,620,0.14925083775130063,1.6429898099254565,100.33195741229169
Padat,621,0.13701310628779728,1.8222181823188492,98.66054949041902
Padat,622,0.3518536340296714,1.8505646222865266,98.2242957401623
Padat,623,0.1654440706865766,2.0644651630445736,98.18473501225675
Padat,624,0.1832324562215673,2.159764605132697,98.69890562612521
Padat,625,0.3291406811006454,1.7475464936622238,97.94716122477645
Padat,626,0.1314472549109827,1.414367097025199,99.61257810935173
Padat,627,0.14486897722728082,1.0981668906772235,96.78445772180089
Padat,628,0.45217510415508616,2.425497909584422,98.4690010530877
Padat,629,0.18058287750153787,1.8224014296983384,99.22764167764603
Padat,630,0.10155692241956467,1.3834436624709596,98.97857518487704
Padat,631,0.29650061436909586,1.84044751206482,98.81955622000751
Padat,632,0.08787854024526123,1.1973107112429489,98.04924292948027
Padat,633,0.1606002236023008,1.9919352150248528,98.6854702218618
Padat,634,0.19685523214433095,2.333855396829044,99.5421455171705
Padat,635,0.09519981862571805,1.2587787936465666,99.51943241363189
Padat,636,0.1401912654292337,1.832436303955845,99.51668067011298
Padat,637,0.22745946738891232,2.543374124643254,97.09812833662062
Padat,638,0.2445282244028366,2.457232183703514,98.72953645573556
Padat,639,0.26412004122114885,1.799119797375269,98.95908713143416
Padat,640,0.1739039382356935,1.7746163469823308,96.87046158972365
Padat,641,0.26597371730271036,1.8101746578011912,96.90460493371367
Padat,642,0.1370513810352755,1.6100903641187472,98.48994912687266
Padat,643,0.15299019086137572,1.4296946583907655,98.55675301341725
Padat,644,0.14249954617354382,1.330041390399881,98.75065217129278
Padat,645,0.15974803319566094,1.751062701204745,100.42009595690159
Padat,646,0.14153724566923817,1.9063737439419484,98.60724566652696
Padat,647,0.2976440594873579,2.4976747541572806,99.99728310426278
Padat,648,0.08179138739596677,1.3967558959188224,97.82798091579974
Padat,649,0.1965363864274822,2.0024936427532083,97.57969202925781
Padat,650,0.3474753887200757,1.6806867807218104,97.44641578891232
Padat,651,0.10966397025949104,1.7743538779333505,97.35323078426381
Padat,652,0.10929410267538012,1.336103149646405,98.7745794383301
Padat,653,0.13602195449096785,1.958674395171709,96.7232593154547
Padat,654,0.24644875916819603,2.33156921524332,100.04135740427748
Padat,655,0.20028828428012999,2.246611915250714,96.98689302583097
Padat,656,0.2545014667197114,1.655594076363414,100.15566785288546
Padat,657,0.10354262290390492,1.9075590823078485,100.30187136211268
Padat,658,0.5761752289201485,3.408853475105179,100.33226297791752
Padat,659,0.1227629463709639,1.6586905768517148,100.02976988069551
Padat,660,0.24426996761003178,1.5904315677677658,97.34006312520405
Padat,661,0.22717233070328904,1.4318595731078716,100.13937039078078
Padat,662,0.18237177157923493,2.2235637288371493,99.99592153497812
Padat,663,0.11617877410182764,1.2878105131986857,99.45100761905823
Padat,664,0.1379103265594132,1.8616978924192225,99.16776091156797
Padat,665,0.1504634505660226,1.573125855024351,98.10230512233653
Padat,666,0.25302942136268014,2.381721862560809,98.935676817538
Padat,667,0.07593726376725449,1.3229963526869994,96.58568042966151
Padat,668,0.2943185237556679,1.4326236873203726,98.48334043165788
Padat,669,0.2431472218964143,2.8822242827679894,99.95838719027834
Padat,670,0.16409407191540323,1.3249675433292438,98.20664192178828
Padat,671,0.2759311386674551,1.9883236780299853,96.72705986547885
Padat,672,0.033316594145545955,0.586154713372764,97.04102541371132
Padat,673,0.07999433680453971,1.485673678922204,99.22812200408829
Padat,674,0.2947053696854101,1.922893037151944,97.98457718300726
Padat,675,0.34473275477701604,2.6345633911667505,99.57127765324961
Padat,676,0.21039720120062705,1.9583745919611175,98.6729682361988
Padat,677,0.2426130515851294,2.149832987179991,98.90527239767945
Padat,678,0.10834465281000023,1.597681801109097,99.58259555006015
Padat,679,0.13929337950858006,1.7486913760698641,98.7057323302573
Padat,680,0.3562187616766842,2.0623381716287845,98.01400496469188
Padat,681,0.2583453763404713,2.082308306905361,99.3189734377994
Padat,682,0.06629649525760448,1.1025996502559607,99.3796776239142
Padat,683,0.18187619333728583,1.6484948314228944,97.49784743052437
Padat,684,0.3316445797864729,2.323644501335856,98.7102487826066
Padat,685,0.052957965441915014,0.9769811561382333,98.79372649206752
Padat,686,0.19286636001278565,1.52801829080245,98.39358120250861
Padat,687,0.16664545335483458,1.7542148874937098,99.138256894843
Padat,688,0.1615997715637188,1.764302260027911,96.74169259290423
Padat,689,0.15121649871618445,1.9010189440337726,98.6172865485711
Padat,690,0.3012347438344512,2.1749712535381107,99.25858352358492
Padat,691,0.29621522215892704,2.301944769084617,99.01281659126884
Padat,692,0.07970908330842592,1.4264276334328727,100.10022387018283
Padat,693,0.18439024994604117,1.468109477448973,99.3446463622319
Padat,694,0.11649258272239207,0.9085461996629434,98.05853963843803
Padat,695,0.37665651254448884,3.2689674927195043,99.9118223763452
Padat,696,0.1466210259451562,1.4339177744499167,98.51966788830822
Padat,697,0.35336534281599313,2.420021329500649,98.88923891166965
Padat,698,0.12838534933252904,1.7735568528756147,98.19081585018245
Padat,699,0.2625087864126933,1.6869205049646467,98.44035159515973
Padat,700,0.11148865266952108,1.4895843110470537,97.04834441660469
Padat,701,0.15085898548359955,1.9774235721913627,99.01372872342328
Padat,702,0.0994861066219395,1.6123097651252714,99.0474348516126
Padat,703,0.20565059654149218,1.334975270331043,98.45245702766786
Padat,704,0.31678696199188844,2.543235358329774,99.89850197300608
Padat,705,0.042661320982941266,1.244573424815151,100.26292408133034
Padat,706,0.08873911248551107,1.320380933165751,100.27834234833057
Padat,707,0.08833690608019569,1.0714807620330653,98.89425378857787
Padat,708,0.2809521030810297,2.5925198367020172,98.51896071438009
Padat,709,0.6560171887127966,2.6403330011251356,99.52638243240257
Padat,710,0.13316363196313868,2.0224076995796025,97.54236406000514
Padat,711,0.08742550186568723,1.3475865323286698,98.96901506624101
Padat,712,0.3886680556175593,2.160390482744827,97.01578238210298
Padat,713,0.13906600298974342,1.7607571901743242,100.02017401516413
Padat,714,0.2505289052396812,1.5702713932276353,98.54145186534008
Padat,715,0.23578355334220005,2.3702368649649657,98.92806314948146
Padat,716,0.09471733056812329,1.1179780419345668,99.23056204451521
Padat,717,0.284427415302399,2.218142320263958,99.40090640039087
Padat,718,0.06454044151353786,0.874299445772472,99.57976879055961
Padat,719,0.09042387630334514,1.0691764597281086,97.98047974936736
Padat,720,0.16841534971882605,1.8360787939495253,99.75131767886444
Padat,721,0.28098806019080286,2.1338449774425428,97.82743876539429
Padat,722,0.13267779484594916,1.8203445805387268,98.57512722171029
Padat,723,0.40259550812394956,2.375536534496753,98.58432338153688
Padat,724,0.46400530048085065,2.954471507120303,96.89276833926965
Padat,725,0.4502785434617117,3.2972945883560705,99.50187043549143
Padat,726,0.1754832159966359,1.400789574900049,97.56217387179159
Padat,727,0.09241775363911875,1.8318901009674988,98.81562732933286
Padat,728,0.21424062224677667,1.872907885652623,99.85942899795826
Padat,729,0.5087084226591255,2.5654718378659034,97.78813629488575
Padat,730,0.1896220587258412,2.284956845327784,99.0504532913493
Padat,731,0.23062901110691397,1.8925181854047217,96.46448343040484
Padat,732,0.10752791737874223,1.2305621662143906,99.06276549961581
Padat,733,0.20767581272832816,1.913418596627487,99.95879040811936
Padat,734,0.24965648130178203,2.187980207177919,99.8172239074924
Padat,735,0.24515860512315904,2.2484272983493554,98.11192423137182
Padat,736,0.14051050063527692,1.3752500040830569,99.12239110206671
Padat,737,0.16495799593434818,1.5911772962018986,96.86498282220587
Padat,738,0.21852940584188224,1.6575644551533486,98.78408165557812
Padat,739,0.16746712650712273,1.7421348242950714,97.88332751929327
Padat,740,0.1414044959819024,1.2526946406852986,99.91390380744605
Padat,741,0.26343909490832884,1.9298446927042008,96.6784444965053
Padat,742,0.2517579480776663,2.6103698024716806,98.03763160586647
Padat,743,0.24745029900022417,2.0859964338157653,99.85972053482848
Padat,744,0.3169184941228067,2.0473093470321544,99.88400090819178
Padat,745,0.1462639107850839,1.3215050082147286,99.72276768325418
Padat,746,0.10495803226785552,1.276069139821118,99.07537166656223
Padat,747,0.08372271932482075,1.6875133667437296,98.20967640803202
Padat,748,0.17205190632756437,2.060975350429942,100.13661049136734
Padat,749,0.17057471460560353,1.4930770141801375,100.10442158945945
Padat,750,0.21090731369811752,1.7802132981205858,97.38584280794697
Padat,751,0.06134199997455871,1.0114613970306614,98.98094827227935
Padat,752,0.16391990765961845,1.5975191996060687,96.98997393375367
Padat,753,0.20014823496129094,2.4688849876609744,99.80404224591875
Padat,754,0.21244758976749756,1.9184515771659676,99.32144397808884
Padat,755,0.11526582249798109,1.5560446145839748,98.99679322877763
Padat,756,0.2900761368753237,1.9978403335488792,98.86707064010382
Padat,757,0.14523597692979648,1.300962788867679,98.25127586608039
Padat,758,0.28250107844414096,1.9724504693998668,97.84886973963307
Padat,759,0.14992242542036993,1.6347014498444317,97.80053783785115
Padat,760,0.22530758628332476,1.6986433347950332,99.11946015667955
Padat,761,0.20054679196655392,1.45378762109031,98.63114907476515
Padat,762,0.09211004445312518,1.3520399866802393,98.82136575013337
Padat,763,0.09906769284448233,0.9499027198604466,98.70748041934404
Padat,764,0.12223507316663822,1.5311962741233884,97.4128545527279
Padat,765,0.21809901536537618,1.9717255574275043,99.73340005308053
Padat,766,0.1963669299225106,1.6371120441152165,98.27438647673185
Padat,767,0.32033427644283347,2.4895380773113587,98.6553545166981
Padat,768,0.11197176604351147,1.1911254353134382,97.84608689091164
Padat,769,0.0564667545085689,1.0476426086131383,100.18256658743918
Padat,770,0.3586047996585105,2.258311922963074,99.53629914649727
Padat,771,0.37902577516094366,3.134426050238858,97.19621319143194
Padat,772,0.22172819110279324,2.360027226539664,99.12908565850347
Padat,773,0.20274502916659615,2.5716569657506163,100.22500970616382
Padat,774,0.1198004059565918,1.620793747657661,98.22054509411507
Padat,775,0.13773575965772178,1.7696684025334335,99.43611036377716
Padat,776,0.2136872533235056,2.047345139281891,97.979277840243
Padat,777,0.2687165399029795,1.8159690760101697,100.11777088738046
Padat,778,0.10544223362362622,1.740604780923583,98.2976711681023
Padat,779,0.09220413265904855,1.4305852419247032,98.33472349904486
Padat,780,0.20128752931594457,1.9661092656955645,96.96784522831501
Padat,781,0.10343537744450346,1.821913344778153,97.33797931506386
Padat,782,0.03488038613824018,0.6638358253955268,98.63626023471895
Padat,783,0.14044202858621246,1.4629083288119666,99.36053716428948
Padat,784,0.19533978631409146,1.8077163431285186,98.70627424717343
Padat,785,0.1678160291497218,2.228392739134577,100.24890048919629
Padat,786,0.18898896653376002,1.570814470590907,97.1999337775688
Padat,787,0.10380880139812274,1.8781115810591444,96.72611036692444
Padat,788,0.1484235594533619,1.8448279896811393,99.27588163247152
Padat,789,0.08301607642982653,0.973178699517895,96.98984664651336
Padat,790,0.16403058657434913,2.127093826270457,98.6983616329907
Padat,791,0.05190486319233541,1.3508042011796526,98.661771171966
Padat,792,0.10000431872425786,1.663599034054286,97.68125864349918
Padat,793,0.20263136401838877,1.9985357213895405,100.31957424858388
Padat,794,0.13885015215404112,1.8824725238399296,97.13485547544539
Padat,795,0.1789309888216415,1.848963058286401,100.07343948669225
Padat,796,0.22860630532650245,2.0880139078937923,99.74405641912638
Padat,797,0.12131448048423758,1.5157763702383384,97.70978068128196
Padat,798,0.14592854049882747,1.5002285810126281,98.42537369251382
Padat,799,0.1038908140534521,1.3849258639050497,97.93413170262646
Padat,800,0.15826189074070363,2.0420031552943456,97.84800016095865
Padat,801,0.10484188504956751,1.7861881040714813,99.7500467896759
Padat,802,0.2444453585921315,1.8820934085701921,97.74172067237556
Padat,803,0.13885906762419437,1.3379373223499016,97.95592139179738
Padat,804,0.13031126979975566,1.6451307129115094,99.34596723542722
Padat,805,0.2220142691335752,2.164093368650917,96.90731972981722
Padat,806,0.2759420903604347,2.3613865605229307,98.13139523210403
Padat,807,0.3409964565355941,2.280841991906474,98.36682742917289
Padat,808,0.13768097017308883,1.4077945048084715,99.22988959303453
Padat,809,0.3114801241110226,1.8812717979406806,99.5583205187251
Padat,810,0.29182475418576337,2.5366548404509857,97.29428840335751
Padat,811,0.5986012945008021,2.6391548956102966,97.79097205715428
Padat,812,0.07553814967841732,1.1711887095003561,99.63712704368047
Padat,813,0.20510555585334272,1.7438168562371814,99.65639584251963
Padat,814,0.5052309302824485,1.9565739171737206,98.5162412602434
Padat,815,0.3711663856897278,2.8307609250395416,100.62560821837202
Padat,816,0.10716422568320709,0.9764096296298455,98.0323533721839
Padat,817,0.16640873807580112,1.516589278636431,100.01162711329084
Padat,818,0.1434476029245456,2.1775801777557646,98.93162964526414
Padat,819,0.153711095469727,1.819739229934683,98.66671247055619
Padat,820,0.08707155954914367,1.2289171322671422,98.14044487561873
Padat,821,0.15523762296839613,1.6703756047252227,100.29557158625353
Padat,822,0.14402545623091614,1.4078416561095608,97.34401241422658
Padat,823,0.14883119845522214,1.788736918680435,98.44716995362946
Padat,824,0.1368509297082357,1.7323545221896381,99.28287538741354
Padat,825,0.26629161932467293,1.9667793907954874,96.56454741270709
Padat,826,0.15457247861621717,1.3661122725953945,98.64606428648247
Padat,827,0.11510227051893285,1.4818788233439477,100.29823276960659
Padat,828,0.1116479305246473,1.4298568618076715,99.44235520624396
Padat,829,0.2785352272453547,1.7054924855076976,99.36315018754014
Padat,830,0.07953372670444603,1.2122448758241973,98.54202826470114
Padat,831,0.2952827768276866,1.9512883505104277,98.09258474024475
Padat,832,0.19301367438689748,2.368761446878022,97.73704161069763
Padat,833,0.1604609489253362,1.9753264698626047,98.11027150843462
Padat,834,0.3511286740456532,2.37235163721018,98.34528239909585
Padat,835,0.3319651666258952,1.8557997803898374,99.03908768720737
Padat,836,0.17209686133000632,1.4953757385520596,98.7492730774591
Padat,837,0.19426339509789545,2.28373523300343,99.5450194231614
Padat,838,0.2734857666267695,2.1575877992220747,100.45703582998485
Padat,839,0.27432523383590224,1.9146110860606314,98.62485929094579
Padat,840,0.21690510206124475,1.9749283240687703,97.28132478269104
Padat,841,0.10942383562500697,1.5246847779825288,97.9654303508865
Padat,842,0.08388460461451146,1.3174173952264177,98.38748177815232
Padat,843,0.04872867108155641,0.4600313803488838,100.10890566306932
Padat,844,0.22704115666512462,2.0723046264014435,97.88014584227984
Padat,845,0.08885381218643121,1.6084083298338427,99.62111930780705
Padat,846,0.29272657553587184,2.0846955719658915,100.0120850171072
Padat,847,0.13641646910271749,1.7840396224014512,99.09205329526841
Padat,848,0.4664706028842535,2.1296828187246604,97.25559956969158
Padat,849,0.1951473929824997,2.1853303718769936,99.79320525791778
Padat,850,0.1254708460213267,1.0824438054144494,100.3035881354442
Padat,851,0.14908888773894544,1.6944945590273193,99.83974148955163
Padat,852,0.35912137859374293,2.0874953798673417,98.55466560608468
Padat,853,0.24959699291359874,1.9450674808683353,97.51178122766981
Padat,854,0.24373609373476207,1.5833344602653483,98.03955979667296
Padat,855,0.08372225061943923,1.0613347189424474,98.77088550066969
Padat,856,0.1363258633567504,1.836120762563823,99.05809831128336
Padat,857,0.2587917708529396,2.076941799626315,98.83764414654713
Padat,858,0.4840551162547265,2.5556253294355677,99.66159367442428
Padat,859,0.10082340805564885,1.1187898432172574,96.51877874708944
Padat,860,0.06513117297436155,1.1049061558398137,97.89902962215085
Padat,861,0.1290083633007307,1.366523419789118,98.20736521897003
Padat,862,0.1999046175379632,1.9036539505224006,98.48837793514171
Padat,863,0.14297761066052966,1.5822889373480749,97.81504858752979
Padat,864,0.3004310660025019,2.010616755977086,98.90612191435241
Padat,865,0.16439971831251543,2.062969655098236,97.81585052895286
Padat,866,0.20427373462690657,1.4896564415216744,97.80714788438684
Padat,867,0.2971043815575153,2.076145558235183,99.39040889938762
Padat,868,0.28703974846820535,2.292637338573126,98.8517639779859
Padat,869,0.14884419047420688,1.8286781955783304,99.79221301356282
Padat,870,0.2224744319583885,2.240716713959735,99.70983933854504
Padat,871,0.05712325301184723,0.7839189386780809,99.58711696250958
Padat,872,0.21805339897356713,1.676361425957822,96.65253036851834
Padat,873,0.18920212230750177,1.8524822023159118,98.7847836590474
Padat,874,0.1843331742869812,1.801545862196754,99.09210600228825
Padat,875,0.11724841998087072,1.3885304520404702,99.17943508908034
Padat,876,0.17309566226925832,2.6142823075397246,98.48284274983037
Padat,877,0.13942892445605862,1.21465540568245,99.15358907638193
Padat,878,0.40462446353766957,2.3380266302584687,98.88126811367293
Padat,879,0.08251928701008944,1.1457984414395739,98.1039970048341
Padat,880,0.05934195133900686,1.345014172531421,99.66798708450067
Padat,881,0.2167326612441492,1.8212945693588125,100.12393574143081
Padat,882,0.2222223875268127,1.6725943010370052,98.20737457673711
Padat,883,0.09051142268700027,1.1252441408155818,99.9878810143623
Padat,884,0.4297419713835424,2.4379645017334326,99.61309330424193
Padat,885,0.07292846341310541,1.9833030804145153,98.27541908298727
Padat,886,0.09478057942169467,1.1834099657000898,97.24809704845114
Padat,887,0.23477825128544244,2.200005954911326,96.55183969295823
Padat,888,0.18581087799709045,1.655148231751781,97.97090656838591
Padat,889,0.09885320348798232,1.4916533441507305,97.5528092816346
Padat,890,0.2855989664137005,1.7431102858946232,100.04523829863429
Padat,891,0.44912503150312305,3.1023651854942216,98.18379076191607
Padat,892,0.10743039833691488,1.0861379096018062,99.1014575998037
Padat,893,0.14907538846912693,1.8253203139003702,98.11594594298268
Padat,894,0.0848305226656271,1.0821732908902675,100.13871698343927
Padat,895,0.36901927611893914,2.5611896151794795,99.00574372032145
Padat,896,0.4487361912037427,2.534696585530277,100.12601457176162
Padat,897,0.15688116757911158,1.7260690136091021,98.04405071756943
Padat,898,0.2685786957071845,1.9111728303853113,99.45948481179872
Padat,899,0.1726309134879967,1.4695737769666977,99.86866625573842
Padat,900,0.14835759928859274,1.8974808015142095,99.53372487739722
Padat,901,0.3776081398353744,2.583123766341309,100.62700820770493
Padat,902,0.149525120538395,1.5413485000293008,97.7676451603668
Padat,903,0.14989353221829207,1.4929391982690419,99.89820464438414
Padat,904,0.1576789181408429,1.8497622944523897,98.70559319256901
Padat,905,0.3683797655595614,2.3393596053681023,98.45934219732939
Padat,906,0.28161930870241353,1.9165027832919037,99.23427306213615
Padat,907,0.21799223090105807,1.884437633344291,97.74187263534844
Padat,908,0.4172715266821251,1.8202319501495055,97.0324709374581
Padat,909,0.31042093058888176,2.055867099910138,96.6587018593847
Padat,910,0.05107943752480746,1.2375337801390778,97.71937576270327
Padat,911,0.10775821763069349,1.204167504276949,97.41234345672025
Padat,912,0.2669576450555849,1.9763893246175073,98.43384185477396
Padat,913,0.2622484211460545,1.7597598264866505,99.35492145555384
Padat,914,0.16548658813178654,1.917218070923326,99.02334690185268
Padat,915,0.5607636293977926,3.6925175094872564,99.89178885438965
Padat,916,0.14711821505739378,1.713957519437102,98.62425418433088
Padat,917,0.1207410653874057,1.1974657690315063,100.19968958469391
Padat,918,0.17339357066028144,1.629529811479685,100.12568369172833
Padat,919,0.49450399497289405,3.704513086646088,99.24288552621181
Padat,920,0.2290412912393011,2.742195674059758,98.13132566899942
Padat,921,0.22782567514218383,2.1259043267825604,99.16276876852854
Padat,922,0.16248236783638842,1.6301575510767954,97.03266375040751
Padat,923,0.2712512860495981,2.1958971774326876,98.42045873939239
Padat,924,0.40117468166965475,2.9845735594431844,97.75008868645537
Padat,925,0.1749699588827584,1.4624087043038543,97.70786782004774
Padat,926,0.18480461956786737,2.0286108610317584,98.43694961889967
Padat,927,0.1344155090398705,1.7164006281120194,98.3980603673155
Padat,928,0.09412893912405633,1.3899260134869067,98.38681318879928
Padat,929,0.18892874343208552,1.7446434712007495,99.31274567616529
Padat,930,0.06730310394186483,0.9880524466377381,100.1284489174065
Padat,931,0.09964325838749835,1.1486759154286474,98.26474245456538
Padat,932,0.14644237802520543,1.6523482609563729,98.77619038483742
Padat,933,0.26714553998873786,2.0080497405748616,97.56949451311029
Padat,934,0.19507243028126503,1.716087725522062,100.1364394179821
Padat,935,0.08245652356619378,1.4157579273190066,98.78821093286278
Padat,936,0.14531547977896994,1.286456087401028,98.32968570963902
Padat,937,0.17710927000179702,2.1138466564037586,99.4647059212883
Padat,938,0.18127132842689314,1.4180903461340009,97.02133723542617
Padat,939,0.19641829159544158,1.6653585817816072,98.71397564911466
Padat,940,0.35982858461158423,1.8082238998787297,97.38730388223787
Padat,941,0.16988644301239822,1.4735942806182685,98.6889386264498
Padat,942,0.15339322587170026,1.3937797862485475,98.18242496680833
Padat,943,0.16872551894614887,1.532731023203759,98.06953204817401
Padat,944,0.2181765190695682,1.9219532287578893,98.49940322215
Padat,945,0.12624960994451023,1.9348569317426971,98.80184518951927
Padat,946,0.5702746962626749,3.1549624857430274,99.41982756027299
Padat,947,0.15432803812530976,1.6511264735957774,99.40997496886686
Padat,948,0.1258381271363576,1.5499124806057551,99.876051785238
Padat,949,0.24142027286086937,1.924650765262001,98.59805040859811
Padat,950,0.31366402201554056,2.0752533424116812,98.11190458672337
Padat,951,0.14579224528618914,1.3621771447519535,99.8868536211487
Padat,952,0.19710767262441556,2.186203815205417,98.51560302728853
Padat,953,0.2488491518214589,1.8062747179294938,99.14097162940006
Padat,954,0.15127634923497985,2.6423059610944755,99.48511343500867
Padat,955,0.039650220690504855,1.4265110693840342,97.29687256473345
Padat,956,0.2514322036698239,2.162211795923529,98.40354884162682
Padat,957,0.1582798070897602,1.9626669244233028,99.75669813556033
Padat,958,0.335581468140838,2.144607228334735,100.22576605404258
Padat,959,0.14249370137734219,1.3633399580697372,98.51118321799039
Padat,960,0.19210663832804986,1.4151814743993896,100.32466084387848
Padat,961,0.1513555873235029,1.1929843560485125,98.90185165175451
Padat,962,0.3177752581571662,2.4258254933407954,100.1497293410163
Padat,963,0.07308333245105705,1.1194014572320938,97.0197176535883
Padat,964,0.36537391050094453,2.7384460347469926,98.81640341989544
Padat,965,0.18521659542323624,2.2360224731411087,100.28984220156933
Padat,966,0.21992800170000842,1.559289343554056,99.13221557605601
Padat,967,0.28549083041545503,1.906707271179549,97.36713173002433
Padat,968,0.2240173835274141,2.352888695386852,98.87225972495905
Padat,969,0.053370877839434526,0.6231178463871743,97.55150615926456
Padat,970,0.29419949739687956,1.831179747079151,98.80772420773367
Padat,971,0.10265825209112185,1.4004271863992095,99.97824303966614
Padat,972,0.24321073258555143,1.8169423855460778,99.6691284475752
Padat,973,0.2973313638476186,2.2677605092276814,98.56370499640437
Padat,974,0.2498434450022645,1.5919028093226295,97.5335490401662
Padat,975,0.1626918949784549,1.4658614453503986,97.85890905813258
Padat,976,0.21791808700670648,2.554709069564467,100.11875735039207
Padat,977,0.15528424321895576,1.8597602389275778,98.89178036575314
Padat,978,0.1346331058359916,1.300600716184121,99.79230188376451
Padat,979,0.2241072504928434,2.0289657145807993,99.03596780207306
Padat,980,0.16015894687045923,1.5692592395810507,98.60117038213417
Padat,981,0.15597450802781623,1.6781265008674495,98.30805747128619
Padat,982,0.09917532776511556,1.3383984112837624,98.47369852942967
Padat,983,0.18619605237673,1.7663884919876516,99.59506578103594
Padat,984,0.2819313188723234,2.1604406481642044,96.4008891557923
Padat,985,0.22084621158155104,1.863192918356681,98.43428402465115
Padat,986,0.18040715392352671,1.760303024699315,97.4657330045739
Padat,987,0.2205644673297269,1.7165428771993696,98.49128118788008
Padat,988,0.21528473279389285,1.7265881005274295,97.57187570541261
Padat,989,0.2677371172949347,1.540234471896465,99.61886630189791
Padat,990,0.15909211267248505,1.8375565260529676,100.20121301736414
Padat,991,0.21813922673639388,1.8450937311659814,100.25797413800846
Padat,992,0.13214938752427452,1.262364634213185,100.24337178395476
Padat,993,0.07618978231589071,0.9215393409076427,99.62157957061824
Padat,994,0.06056878188477286,1.0960097277006327,99.67768975937386
Padat,995,0.44424081564760887,2.5029602563148856,97.00824391026734
Padat,996,0.26982892811767667,2.163764964586999,99.30623077584767
Padat,997,0.136591673971968,1.314952712999247,99.91878289412436
Padat,998,0.43745726532368057,3.371731026453798,97.20951123252563
Padat,999,0.07447849496281493,1.1037629559296178,98.55813601879206
Padat,1000,0.09515010166061759,1.4512918247041924,98.79475887255641
